Wall time,Step,Value
1538679812.9956923,0,5.105231761932373
1538679906.357678,1,3.6216869354248047
1538679999.6844916,2,2.67753267288208
1538680092.55873,3,1.9026769399642944
1538680188.131599,4,1.3516178131103516
1538680281.6194775,5,0.9493076801300049
1538680375.4217556,6,0.6649313569068909
1538680468.6775758,7,0.46501415967941284
1538680561.464176,8,0.35214945673942566
